{
  "descriptor": "resnet50",
  "metric": "cosine",
  "n_images": 10000,
  "descriptor_dim": 2048,
  "features_size_mb": 78.125,
  "indexing_time_s": 594.5730214118958,
  "avg_search_time_per_query_s": 0.058582213332798956,
  "avg_search_time_per_db_image_s": 5.8582213332798955e-06,
  "mean_P@20": 0.19,
  "mean_P@50": 0.17200000000000004,
  "mean_P@100": 0.17200000000000004,
  "mAP@20": 0.11378199748594485,
  "mAP@50": 0.06985817056894218,
  "mAP@100": 0.053555865273635074,
  "mAP_full": 0.11761379480521211,
  "mean_R_Precision": 0.12772772772772772
}