{
  "descriptor": "lbp",
  "metric": "chi_square",
  "n_images": 10000,
  "descriptor_dim": 256,
  "features_size_mb": 9.765625,
  "indexing_time_s": 112.9877462387085,
  "avg_search_time_per_query_s": 0.017535419998845708,
  "avg_search_time_per_db_image_s": 1.7535419998845707e-06,
  "mean_P@20": 0.11000000000000003,
  "mean_P@50": 0.10266666666666668,
  "mean_P@100": 0.10200000000000001,
  "mAP@20": 0.05278504487715014,
  "mAP@50": 0.0319978514639191,
  "mAP@100": 0.022207487731140733,
  "mAP_full": 0.10126260585905594,
  "mean_R_Precision": 0.0966966966966967
}